{"cameraMode":{"drawMode":0,"name":"Shaded","section":"Shading Mode"},"sceneLighting":true,"audioPlay":false,"sceneViewState":{"m_AlwaysRefresh":false,"showFog":true,"showSkybox":true,"showFlares":true,"showImageEffects":true,"showParticleSystems":true,"showVisualEffectGraphs":true,"m_FxEnabled":true},"in2DMode":false,"pivot":{"x":-19.489999771118165,"y":3.4300005435943605,"z":-269.9888610839844},"rotation":{"x":0.03887486085295677,"y":-0.6460517644882202,"z":0.032977569848299029,"w":0.7615931630134583},"size":4.724284648895264,"orthographic":true}