{"cameraMode":{"drawMode":0,"name":"Shaded","section":"Shading Mode"},"sceneLighting":true,"audioPlay":false,"sceneViewState":{"m_AlwaysRefresh":false,"showFog":true,"showSkybox":true,"showFlares":true,"showImageEffects":true,"showParticleSystems":true,"showVisualEffectGraphs":true,"m_FxEnabled":true},"in2DMode":false,"pivot":{"x":1935.53662109375,"y":1243.6861572265625,"z":-296.07232666015627},"rotation":{"x":-0.0059998356737196449,"y":0.007499858271330595,"z":0.00004502263618633151,"w":0.9999541640281677},"size":1024.5020751953125,"orthographic":true}