{"cameraMode":{"drawMode":0,"name":"Shaded","section":"Shading Mode"},"sceneLighting":true,"audioPlay":false,"sceneViewState":{"m_AlwaysRefresh":false,"showFog":true,"showSkybox":true,"showFlares":true,"showImageEffects":true,"showParticleSystems":true,"showVisualEffectGraphs":true,"m_FxEnabled":true},"in2DMode":false,"pivot":{"x":-8.404309272766114,"y":-10.311943054199219,"z":-243.07852172851563},"rotation":{"x":0.23679208755493165,"y":0.05097971111536026,"z":-0.012443690560758114,"w":0.9701456427574158},"size":27.187362670898439,"orthographic":false}