{"cameraMode":{"drawMode":0,"name":"Shaded","section":"Shading Mode"},"sceneLighting":true,"audioPlay":false,"sceneViewState":{"m_AlwaysRefresh":false,"showFog":true,"showSkybox":true,"showFlares":true,"showImageEffects":true,"showParticleSystems":true,"showVisualEffectGraphs":true,"m_FxEnabled":true},"in2DMode":false,"pivot":{"x":0.996921181678772,"y":2.9434633255004885,"z":-0.5113807916641235},"rotation":{"x":0.05287103354930878,"y":0.20082618296146394,"z":-0.010855202563107014,"w":0.9781423807144165},"size":3.5737926959991457,"orthographic":true}